{"_runtime":179.052972683,"_step":0,"train_loss":15.283479478624132,"train/epoch":2.88,"train_steps_per_second":0.051,"_timestamp":1.7333007363219435e+09,"train_samples_per_second":0.428,"total_flos":6.969454884390912e+15,"train/global_step":9,"train_runtime":175.2797,"_wandb":{"runtime":194}}